{
  "width": 1024,
  "naive": 0.33397622406482697,
  "aligned": 0.0,
  "align_before": 0.030935004353523254,
  "align_after": 0.5112150311470032
}