{
  "widths": [
    16,
    32,
    64,
    128,
    256,
    512,
    1024
  ],
  "null_mean": [
    0.175053671002388,
    0.1419617384672165,
    0.11134681403636933,
    0.0972836047410965,
    0.09739718288183212,
    0.10355204492807388,
    0.11077629029750824
  ],
  "null_std": [
    0.0092542996599425,
    0.006420883189940855,
    0.003211123450131731,
    0.001197885741829757,
    0.0003758361659700572,
    0.00038409358438323035,
    0.0004313728920501436
  ],
  "trained_mean": [
    0.42325757145881654,
    0.4370627820491791,
    0.48938641548156736,
    0.49190322756767274,
    0.5098048329353333,
    0.5065626740455628,
    0.5078464567661285
  ],
  "trained_std": [
    0.01602515062115034,
    0.028796743932614093,
    0.014507677238032304,
    0.01864318308726218,
    0.004755330669957755,
    0.004738453608067227,
    0.004670169235651268
  ],
  "gap": [
    0.24820390045642854,
    0.2951010435819626,
    0.37803960144519805,
    0.39461962282657626,
    0.41240765005350116,
    0.40301062911748886,
    0.39707016646862026
  ],
  "slope_trained_per_doubling": 0.014756602048873907,
  "slope_null_per_doubling": -0.010128612869552208,
  "slope_gap_per_doubling": 0.02488521491842612,
  "n_pairs_per_width": 5
}